{"AAPL": {"high": 182.94, "low": 116.21, "quarter_average": 159.12366666666668}, "MSFT": {"high": 349.67, "low": 224.26, "quarter_average": 318.23277777777776}, "TSLA": {"high": 1243.49, "low": 539.49, "quarter_average": 988.4464444444446}, "TEAM": {"high": 483.13, "low": 198.8, "quarter_average": 382.1803333333333}, "GTLB": {"high": 137, "low": 53.135, "quarter_average": 93.40821917808219}, "GOOGL": {"high": 3019.33, "low": 1801.5601, "quarter_average": 2839.077555555555}, "PFE": {"high": 61.71, "low": 33.36, "quarter_average": 50.02766666666666}, "NVDA": {"high": 835, "low": 181.64, "quarter_average": 266.70833333333337}}